image;roi;truth;global_decision;global_correct;global_fg_pixels;global_fg_ratio;global_largest_cc_w;otsu_decision;otsu_correct;otsu_fg_pixels;otsu_fg_ratio;otsu_largest_cc_w;adaptive_decision;adaptive_correct;adaptive_fg_pixels;adaptive_fg_ratio;adaptive_largest_cc_w
01_HighQuality_Enhanced;signature;PRESENT;PRESENT;TRUE;16457;0.0672;0.619;PRESENT;TRUE;24478;0.1;0.92;PRESENT;TRUE;26454;0.1081;0.922
01_HighQuality_Enhanced;blank;ABSENT;ABSENT;TRUE;0;0.0;0.0;ABSENT;TRUE;0;0.0;0.0;ABSENT;TRUE;0;0.0;0.0
01_HighQuality_Enhanced;typed_text;ABSENT;ABSENT;TRUE;5832;0.0593;0.041;ABSENT;TRUE;11167;0.1135;0.225;ABSENT;TRUE;12211;0.1241;0.228
02_LowContrast;signature;PRESENT;ABSENT;FALSE;0;0.0;0.0;PRESENT;TRUE;24492;0.1;0.92;PRESENT;TRUE;24979;0.102;0.921
02_LowContrast;blank;ABSENT;ABSENT;TRUE;0;0.0;0.0;ABSENT;TRUE;0;0.0;0.0;ABSENT;TRUE;0;0.0;0.0
02_LowContrast;typed_text;ABSENT;ABSENT;TRUE;0;0.0;0.0;ABSENT;TRUE;11172;0.1135;0.225;ABSENT;TRUE;11299;0.1148;0.228
03_Blurred;signature;PRESENT;ABSENT;FALSE;4557;0.0186;0.068;PRESENT;TRUE;31699;0.1295;0.922;PRESENT;TRUE;30391;0.1241;0.924
03_Blurred;blank;ABSENT;ABSENT;TRUE;0;0.0;0.0;ABSENT;TRUE;0;0.0;0.0;ABSENT;TRUE;0;0.0;0.0
03_Blurred;typed_text;ABSENT;ABSENT;TRUE;483;0.0049;0.038;ABSENT;TRUE;16150;0.1641;0.291;ABSENT;TRUE;13168;0.1338;0.228
04_HighNoise;signature;PRESENT;ABSENT;FALSE;12912;0.0527;0.296;PRESENT;TRUE;24058;0.0983;0.92;PRESENT;TRUE;25873;0.1057;0.921
04_HighNoise;blank;ABSENT;ABSENT;TRUE;0;0.0;0.0;ABSENT;TRUE;0;0.0;0.0;ABSENT;TRUE;0;0.0;0.0
04_HighNoise;typed_text;ABSENT;ABSENT;TRUE;4097;0.0416;0.041;ABSENT;TRUE;10730;0.109;0.225;ABSENT;TRUE;11766;0.1196;0.228
05_LowResolution_Upsampled;signature;PRESENT;ABSENT;FALSE;10327;0.0422;0.209;PRESENT;TRUE;26338;0.1076;0.921;PRESENT;TRUE;27770;0.1134;0.922
05_LowResolution_Upsampled;blank;ABSENT;ABSENT;TRUE;0;0.0;0.0;ABSENT;TRUE;0;0.0;0.0;ABSENT;TRUE;0;0.0;0.0
05_LowResolution_Upsampled;typed_text;ABSENT;ABSENT;TRUE;2330;0.0237;0.04;ABSENT;TRUE;12264;0.1246;0.229;ABSENT;TRUE;12606;0.1281;0.228
06_Faded_Underexposed;signature;PRESENT;PRESENT;TRUE;18516;0.0756;0.636;PRESENT;TRUE;24607;0.1005;0.92;PRESENT;TRUE;23943;0.0978;0.92
06_Faded_Underexposed;blank;ABSENT;ABSENT;TRUE;0;0.0;0.0;ABSENT;TRUE;0;0.0;0.0;ABSENT;TRUE;0;0.0;0.0
06_Faded_Underexposed;typed_text;ABSENT;ABSENT;TRUE;6888;0.07;0.041;ABSENT;TRUE;11048;0.1123;0.225;ABSENT;TRUE;10773;0.1095;0.154
07_ColorShift_WarmTint;signature;PRESENT;ABSENT;FALSE;13644;0.0557;0.296;PRESENT;TRUE;24567;0.1004;0.92;PRESENT;TRUE;26259;0.1073;0.922
07_ColorShift_WarmTint;blank;ABSENT;ABSENT;TRUE;0;0.0;0.0;ABSENT;TRUE;0;0.0;0.0;ABSENT;TRUE;0;0.0;0.0
07_ColorShift_WarmTint;typed_text;ABSENT;ABSENT;TRUE;4453;0.0453;0.041;ABSENT;TRUE;11080;0.1126;0.225;ABSENT;TRUE;12021;0.1222;0.228
08_JPEGCompression_Artifacts;signature;PRESENT;ABSENT;FALSE;12567;0.0513;0.296;PRESENT;TRUE;24541;0.1002;0.92;PRESENT;TRUE;26317;0.1075;0.922
08_JPEGCompression_Artifacts;blank;ABSENT;ABSENT;TRUE;0;0.0;0.0;ABSENT;TRUE;0;0.0;0.0;ABSENT;TRUE;0;0.0;0.0
08_JPEGCompression_Artifacts;typed_text;ABSENT;ABSENT;TRUE;4023;0.0409;0.041;ABSENT;TRUE;11161;0.1134;0.225;ABSENT;TRUE;12028;0.1222;0.228
09_CombinedDegradation;signature;PRESENT;ABSENT;FALSE;14574;0.0595;0.296;PRESENT;TRUE;25709;0.105;0.92;PRESENT;TRUE;25984;0.1061;0.922
09_CombinedDegradation;blank;ABSENT;ABSENT;TRUE;0;0.0;0.0;ABSENT;TRUE;0;0.0;0.0;ABSENT;TRUE;0;0.0;0.0
09_CombinedDegradation;typed_text;ABSENT;ABSENT;TRUE;4726;0.048;0.041;ABSENT;TRUE;11945;0.1214;0.226;ABSENT;TRUE;11642;0.1183;0.228
