image,roi,truth,global_decision,global_correct,global_fg_pixels,global_fg_ratio,global_largest_cc_w,otsu_decision,otsu_correct,otsu_fg_pixels,otsu_fg_ratio,otsu_largest_cc_w,adaptive_decision,adaptive_correct,adaptive_fg_pixels,adaptive_fg_ratio,adaptive_largest_cc_w
01_HighQuality_Enhanced,signature,PRESENT,PRESENT,True,16457,0.0672,0.619,PRESENT,True,24478,0.1,0.92,PRESENT,True,26454,0.1081,0.922
01_HighQuality_Enhanced,blank,ABSENT,ABSENT,True,0,0.0,0.0,ABSENT,True,0,0.0,0.0,ABSENT,True,0,0.0,0.0
01_HighQuality_Enhanced,typed_text,ABSENT,ABSENT,True,5832,0.0593,0.041,ABSENT,True,11167,0.1135,0.225,ABSENT,True,12211,0.1241,0.228
02_LowContrast,signature,PRESENT,ABSENT,False,0,0.0,0.0,PRESENT,True,24492,0.1,0.92,PRESENT,True,24979,0.102,0.921
02_LowContrast,blank,ABSENT,ABSENT,True,0,0.0,0.0,ABSENT,True,0,0.0,0.0,ABSENT,True,0,0.0,0.0
02_LowContrast,typed_text,ABSENT,ABSENT,True,0,0.0,0.0,ABSENT,True,11172,0.1135,0.225,ABSENT,True,11299,0.1148,0.228
03_Blurred,signature,PRESENT,ABSENT,False,4557,0.0186,0.068,PRESENT,True,31699,0.1295,0.922,PRESENT,True,30391,0.1241,0.924
03_Blurred,blank,ABSENT,ABSENT,True,0,0.0,0.0,ABSENT,True,0,0.0,0.0,ABSENT,True,0,0.0,0.0
03_Blurred,typed_text,ABSENT,ABSENT,True,483,0.0049,0.038,ABSENT,True,16150,0.1641,0.291,ABSENT,True,13168,0.1338,0.228
04_HighNoise,signature,PRESENT,ABSENT,False,12912,0.0527,0.296,PRESENT,True,24058,0.0983,0.92,PRESENT,True,25873,0.1057,0.921
04_HighNoise,blank,ABSENT,ABSENT,True,0,0.0,0.0,ABSENT,True,0,0.0,0.0,ABSENT,True,0,0.0,0.0
04_HighNoise,typed_text,ABSENT,ABSENT,True,4097,0.0416,0.041,ABSENT,True,10730,0.109,0.225,ABSENT,True,11766,0.1196,0.228
05_LowResolution_Upsampled,signature,PRESENT,ABSENT,False,10327,0.0422,0.209,PRESENT,True,26338,0.1076,0.921,PRESENT,True,27770,0.1134,0.922
05_LowResolution_Upsampled,blank,ABSENT,ABSENT,True,0,0.0,0.0,ABSENT,True,0,0.0,0.0,ABSENT,True,0,0.0,0.0
05_LowResolution_Upsampled,typed_text,ABSENT,ABSENT,True,2330,0.0237,0.04,ABSENT,True,12264,0.1246,0.229,ABSENT,True,12606,0.1281,0.228
06_Faded_Underexposed,signature,PRESENT,PRESENT,True,18516,0.0756,0.636,PRESENT,True,24607,0.1005,0.92,PRESENT,True,23943,0.0978,0.92
06_Faded_Underexposed,blank,ABSENT,ABSENT,True,0,0.0,0.0,ABSENT,True,0,0.0,0.0,ABSENT,True,0,0.0,0.0
06_Faded_Underexposed,typed_text,ABSENT,ABSENT,True,6888,0.07,0.041,ABSENT,True,11048,0.1123,0.225,ABSENT,True,10773,0.1095,0.154
07_ColorShift_WarmTint,signature,PRESENT,ABSENT,False,13644,0.0557,0.296,PRESENT,True,24567,0.1004,0.92,PRESENT,True,26259,0.1073,0.922
07_ColorShift_WarmTint,blank,ABSENT,ABSENT,True,0,0.0,0.0,ABSENT,True,0,0.0,0.0,ABSENT,True,0,0.0,0.0
07_ColorShift_WarmTint,typed_text,ABSENT,ABSENT,True,4453,0.0453,0.041,ABSENT,True,11080,0.1126,0.225,ABSENT,True,12021,0.1222,0.228
08_JPEGCompression_Artifacts,signature,PRESENT,ABSENT,False,12567,0.0513,0.296,PRESENT,True,24541,0.1002,0.92,PRESENT,True,26317,0.1075,0.922
08_JPEGCompression_Artifacts,blank,ABSENT,ABSENT,True,0,0.0,0.0,ABSENT,True,0,0.0,0.0,ABSENT,True,0,0.0,0.0
08_JPEGCompression_Artifacts,typed_text,ABSENT,ABSENT,True,4023,0.0409,0.041,ABSENT,True,11161,0.1134,0.225,ABSENT,True,12028,0.1222,0.228
09_CombinedDegradation,signature,PRESENT,ABSENT,False,14574,0.0595,0.296,PRESENT,True,25709,0.105,0.92,PRESENT,True,25984,0.1061,0.922
09_CombinedDegradation,blank,ABSENT,ABSENT,True,0,0.0,0.0,ABSENT,True,0,0.0,0.0,ABSENT,True,0,0.0,0.0
09_CombinedDegradation,typed_text,ABSENT,ABSENT,True,4726,0.048,0.041,ABSENT,True,11945,0.1214,0.226,ABSENT,True,11642,0.1183,0.228
